Vegas Robaina - Famosos 1 piece,11.40,https://selected-cigars.com/en/vegas-robaina-famosos
"Vegas Robaina - Famosos 25pcs, wooden Box",276.45,https://selected-cigars.com/en/vegas-robaina-famosos
Vegueros - Mananitas 1pc,5.10,https://selected-cigars.com/en/catalog/product/view/id/443/s/vegueros-mananitas/category/107/
Vegueros - Mananitas 4pcs box,19.79,https://selected-cigars.com/en/catalog/product/view/id/443/s/vegueros-mananitas/category/107/
Vegueros - Mananitas 16 pcs box,79.15,https://selected-cigars.com/en/catalog/product/view/id/443/s/vegueros-mananitas/category/107/
Rafael González - Panetelas Extra 1 piece,3.10,https://selected-cigars.com/en/rafael-gonzalez-panetelas-extra
"Rafael González - Panetelas Extra 25pcs, wooden Box",75.18,https://selected-cigars.com/en/rafael-gonzalez-panetelas-extra
Ramón Allones - Small Club Coronas 1 piece,6.30,https://selected-cigars.com/en/ramon-allones-small-club-coronas
"Ramón Allones - Small Club Coronas 25pcs, wooden Box",152.78,https://selected-cigars.com/en/ramon-allones-small-club-coronas
Cuaba - Tradicionales 1 piece,8.00,https://selected-cigars.com/en/cuaba-tradicionales
"Cuaba - Tradicionales 25pcs, wooden Box",194.00,https://selected-cigars.com/en/cuaba-tradicionales
Bolívar - Belicosos Finos 1pc,12.80,https://selected-cigars.com/en/bolivar-belicosos-finos
Bolívar - Belicosos Finos 25pcs Box,310.40,https://selected-cigars.com/en/bolivar-belicosos-finos
H.Upmann Epicures 1 piece,3.90,https://selected-cigars.com/en/h-upmann-epicures
"H.Upmann Epicures 25pcs, wooden Box",94.58,https://selected-cigars.com/en/h-upmann-epicures
Montecristo - Petit Edmundos 1 piece,11.40,https://selected-cigars.com/en/montecristo-petit-edmundos
"Montecristo - Petit Edmundos 10pcs, wooden Box",110.58,https://selected-cigars.com/en/montecristo-petit-edmundos
"Montecristo - Petit Edmundos 25pcs,wooden Box",276.45,https://selected-cigars.com/en/montecristo-petit-edmundos
H. Upmann - Connossieur No. 1 1 piece,10.50,https://selected-cigars.com/en/h-upmann-connossieur-no-1
"H. Upmann - Connossieur No. 1 25pcs, wooden Box",254.63,https://selected-cigars.com/en/h-upmann-connossieur-no-1
El Rey del Mundo - Demi Tasse 1 piece,4.60,https://selected-cigars.com/en/el-rey-del-mundo-demi-tasse
"El Rey del Mundo - Demi Tasse 25pcs, wooden Box",111.55,https://selected-cigars.com/en/el-rey-del-mundo-demi-tasse
Hoyo de Monterrey - Petit Robustos 1 piece,9.50,https://selected-cigars.com/en/hoyo-de-monterrey-petit-robustos
Hoyo de Monterrey - Petit Robustos 3pcs Box,27.65,https://selected-cigars.com/en/hoyo-de-monterrey-petit-robustos
"Hoyo de Monterrey - Petit Robustos 25pcs, wooden Box",230.38,https://selected-cigars.com/en/hoyo-de-monterrey-petit-robustos
La Flor de Cano - Petit Coronas 1er,3.40,https://selected-cigars.com/en/la-flor-de-cano-petit-coronas
La Flor de Cano - Petit Coronas 25pcs Box,82.45,https://selected-cigars.com/en/la-flor-de-cano-petit-coronas
Cuaba - Divinos 1 piece,7.00,https://selected-cigars.com/en/cuaba-divinos
"Cuaba - Divinos 25pcs, wooden Box",169.75,https://selected-cigars.com/en/cuaba-divinos
Saint Luis Rey - Regios 1 piece,9.70,https://selected-cigars.com/en/saint-luis-rey-regios
"Saint Luis Rey - Regios 25pcs, wooden Box",235.23,https://selected-cigars.com/en/saint-luis-rey-regios
Bolívar - Petit Coronas 1pc,7.90,https://selected-cigars.com/en/bolivar-petit-coronas
"Bolívar - Petit Coronas 25pcs, wooden Box",191.58,https://selected-cigars.com/en/bolivar-petit-coronas
"Punch - Coronations 1 piece, Alu Tubos",6.90,https://selected-cigars.com/en/punch-coronations
"Punch - Coronations 25pcs,  Alu Tubos",167.33,https://selected-cigars.com/en/punch-coronations
Hoyo de Monterrey - Hoyo du Maire 1 piece,5.50,https://selected-cigars.com/en/hoyo-de-monterrey-hoyo-du-maire
"Hoyo de Monterrey - Hoyo du Maire 25pcs, wooden Box",133.38,https://selected-cigars.com/en/hoyo-de-monterrey-hoyo-du-maire
Por Larrañaga - Panetelas 25pcs Box,87.30,https://selected-cigars.com/en/por-larra-aga-panetelas
H. Upmann - Magnum 46 1 piece,12.10,https://selected-cigars.com/en/h-upmann-magnum-46
"H. Upmann - Magnum 46 1 piece,  Alu Tubo",13.00,https://selected-cigars.com/en/h-upmann-magnum-46
"H. Upmann - Magnum 46 25pcs, wooden Box",293.43,https://selected-cigars.com/en/h-upmann-magnum-46
Hoyo de Monterrey - Palmas Extra 1 piece,5.70,https://selected-cigars.com/en/hoyo-de-monterrey-palmas-extra
"Hoyo de Monterrey - Palmas Extra 25pcs, wooden Box",138.23,https://selected-cigars.com/en/hoyo-de-monterrey-palmas-extra
Partagas - Culebras 3 pieces,26.19,https://selected-cigars.com/en/partagas-culebras-1739
Partagás - Super Partagás 1 piece,5.20,https://selected-cigars.com/en/partagas-super-partagas
"Partagás - Super Partagás 25pcs, wooden Box",126.10,https://selected-cigars.com/en/partagas-super-partagas
Cohiba - LINEA 1492 Siglo I 1pc *** 5pcs per customer ***,12.00,https://selected-cigars.com/en/cohiba-linea-1492-siglo-i
Cohiba - LINEA 1492 Siglo I A/T 1pc,13.20,https://selected-cigars.com/en/cohiba-linea-1492-siglo-i
"Cohiba - LINEA 1492 Siglo I 25pcs, wooden Box *** 1 Box per customer ***",291.00,https://selected-cigars.com/en/cohiba-linea-1492-siglo-i
Romeo y Julieta - Petit Churchills 1 piece,9.80,https://selected-cigars.com/en/romeo-y-julieta-petit-churchills
"Romeo y Julieta - Petit Churchills 1 piece, Alu Tubo",10.90,https://selected-cigars.com/en/romeo-y-julieta-petit-churchills
"Romeo y Julieta - Petit Churchills 3pcs, Alu Tubo",31.72,https://selected-cigars.com/en/romeo-y-julieta-petit-churchills
"Romeo y Julieta - Petit Churchills 25pcs, wooden Box",237.65,https://selected-cigars.com/en/romeo-y-julieta-petit-churchills
Romeo y Julieta - Coronitas en Cedro 1 piece,4.80,https://selected-cigars.com/en/romeo-y-julieta-coronitas-en-cedro
"Romeo y Julieta - Coronitas en Cedro 25pcs, wooden box",116.40,https://selected-cigars.com/en/romeo-y-julieta-coronitas-en-cedro
QUAI D´ORSAY NO.50 - 1PC,8.40,https://selected-cigars.com/en/quai-d-orday-no-50
Jose La Piedra - Cremas 1 piece,1.95,https://selected-cigars.com/en/jose-la-piedra-cremas
Montecristo - Joyitas 1 piece,6.70,https://selected-cigars.com/en/montecristo-joyitas
"Montecristo - Joyitas 25pcs, wooden Box",162.48,https://selected-cigars.com/en/montecristo-joyitas
"Romeo y Julieta - Romeo No. 2 1 piece, Alu Tubos",6.90,https://selected-cigars.com/en/romeo-y-julieta-romeo-no-2
"Romeo y Julieta - Romeo No. 2 3pcs, Alu Tubos",20.08,https://selected-cigars.com/en/romeo-y-julieta-romeo-no-2
"Romeo y Julieta - Romeo No. 2 5pcs, Alu Tubos",33.47,https://selected-cigars.com/en/romeo-y-julieta-romeo-no-2
"Romeo y Julieta - Romeo No. 2 10pcs, Alu Tubos",66.93,https://selected-cigars.com/en/romeo-y-julieta-romeo-no-2
"Romeo y Julieta - Romeo No. 2 25pcs, Alu Tubos",167.33,https://selected-cigars.com/en/romeo-y-julieta-romeo-no-2
Vegueros - Entretiempos 1pc,7.50,https://selected-cigars.com/en/vegueros-entretiempos
Vegueros - Entretiempos 4pcs box,29.10,https://selected-cigars.com/en/vegueros-entretiempos
Cohiba - LINEA CLASICA Exquisitos 1 piece,15.00,https://selected-cigars.com/en/cohiba-linea-clasica-exquisitos
Cohiba - LINEA CLASICA Exquisitos 5pcs Box,72.75,https://selected-cigars.com/en/cohiba-linea-clasica-exquisitos
"Partagás - Coronas Junior 1 piece, Alu Tubos",6.40,https://selected-cigars.com/en/partagas-coronas-junior
"Partagás - Coronas Junior 25pcs, Alu Tubos",155.20,https://selected-cigars.com/en/partagas-coronas-junior
Cohiba - LINEA CLASICA Panetelas 1 piece,12.50,https://selected-cigars.com/en/cohiba-linea-clasica-panetelas
Cohiba - LINEA CLASICA Panetelas 5pcs Box,60.63,https://selected-cigars.com/en/cohiba-linea-clasica-panetelas
"Cohiba - LINEA CLASICA Panetelas 25pcs, wooden Box",303.13,https://selected-cigars.com/en/cohiba-linea-clasica-panetelas
Romeo y Julieta - Belicosos 1 piece,13.10,https://selected-cigars.com/en/romeo-y-julieta-belicosos
"Romeo y Julieta - Belicosos 25pcs, wooden Box",317.68,https://selected-cigars.com/en/romeo-y-julieta-belicosos
Partagás - Serie D No. 5 1 piece,10.00,https://selected-cigars.com/en/partagas-serie-d-no-5
"Partagás - Serie D No. 5 1 piece, Alu Tubo",11.30,https://selected-cigars.com/en/partagas-serie-d-no-5
"Partagás - Serie D No. 5 10pcs, wooden Box",97.00,https://selected-cigars.com/en/partagas-serie-d-no-5
"Partagás - Serie D No. 5 25pcs, wooden Box",242.50,https://selected-cigars.com/en/partagas-serie-d-no-5
Jose La Piedra - Brevas 1 piece,2.20,https://selected-cigars.com/en/jose-la-piedra-brevas
Jose La Piedra - Brevas 5pcs,10.67,https://selected-cigars.com/en/jose-la-piedra-brevas
Jose La Piedra - Brevas 25pcs,53.35,https://selected-cigars.com/en/jose-la-piedra-brevas
San Cristobal - El Principe 1 piece,7.00,https://selected-cigars.com/en/san-cristobal-el-principe-2371
San Cristobal - El Principe 25pcs,169.75,https://selected-cigars.com/en/san-cristobal-el-principe-2371
Bolívar - Tubos No. 3 A/T 1pc,6.90,https://selected-cigars.com/en/bolivar-tubos-no-3
Bolívar - Tubos No. 3 A/T 25pcs Box,167.33,https://selected-cigars.com/en/bolivar-tubos-no-3
Partagás - Aristocrats 1 piece,5.00,https://selected-cigars.com/en/partagas-aristocrats
"Partagás - Aristocrats 25pcs, wooden Box",121.25,https://selected-cigars.com/en/partagas-aristocrats
Bolívar - Coronas Junior 1pc,6.90,https://selected-cigars.com/en/bolivar-coronas-junior
Bolívar - Coronas Junior 25pcs Box,167.33,https://selected-cigars.com/en/bolivar-coronas-junior
Juan López - Selección No. 2 1 piece,10.00,https://selected-cigars.com/en/juan-lopez-seleccion-no-2
"Juan López - Selección No. 2 25pcs, wooden Box",242.50,https://selected-cigars.com/en/juan-lopez-seleccion-no-2
Por Larrañaga - Montecarlos 1 piece,5.20,https://selected-cigars.com/en/por-larra-aga-montecarlos
"Por Larrañaga - Montecarlos 25pcs, wooden Box",126.10,https://selected-cigars.com/en/por-larra-aga-montecarlos
Partagás - Shorts 1 piece,6.60,https://selected-cigars.com/en/partagas-shorts
"Partagás - Shorts 25pcs, wooden box",160.05,https://selected-cigars.com/en/partagas-shorts
"Partagás - Shorts 50pcs, wooden Box",320.10,https://selected-cigars.com/en/partagas-shorts
Montecristo - No. 1 1 piece,13.40,https://selected-cigars.com/en/montecristo-no-1
"Montecristo - No. 1 25pcs, wooden Box",324.95,https://selected-cigars.com/en/montecristo-no-1
Romeo y Julieta - Short Churchills 1 piece,11.60,https://selected-cigars.com/en/romeo-y-julieta-short-churchills
Romeo y Julieta - Short Churchills Alu Tubo 1 piece,12.70,https://selected-cigars.com/en/romeo-y-julieta-short-churchills
"Romeo y Julieta - Short Churchills 10pcs, wooden Box",112.52,https://selected-cigars.com/en/romeo-y-julieta-short-churchills
"Romeo y Julieta - Short Churchills 25pcs, wooden Box",281.30,https://selected-cigars.com/en/romeo-y-julieta-short-churchills
Montecristo - Especial No. 2 1 piece,13.30,https://selected-cigars.com/en/montecristo-especial-no-2
"Montecristo - Especial No. 2 25pcs, wooden Box",322.53,https://selected-cigars.com/en/montecristo-especial-no-2
"H. Upmann - Coronas Minor 1 piece, Alu Tubos",6.30,https://selected-cigars.com/en/h-upmann-coronas-minor
"H. Upmann - Coronas Minor 25pcs, Alu Tubos",152.78,https://selected-cigars.com/en/h-upmann-coronas-minor
Quintero - Favoritos 1 piece,3.20,https://selected-cigars.com/en/quintero-favoritos
Quintero - Favoritos A/T  1x Tubo,3.90,https://selected-cigars.com/en/quintero-favoritos
Quintero - Favoritos A/T  3x Pack,11.70,https://selected-cigars.com/en/quintero-favoritos
Quintero - Favoritos 5pcs,15.52,https://selected-cigars.com/en/quintero-favoritos
"Quintero - Favoritos 25pcs, wooden Box",77.60,https://selected-cigars.com/en/quintero-favoritos
Montecristo - Medias Coronas 1pc,6.50,https://selected-cigars.com/en/montecristo-medias-coronas
Montecristo - Medias Coronas 5pc metal box,37.83,https://selected-cigars.com/en/montecristo-medias-coronas
Montecristo - Medias Coronas 25 box,157.63,https://selected-cigars.com/en/montecristo-medias-coronas
Cuaba - Exclusivos 1 piece,11.10,https://selected-cigars.com/en/cuaba-exclusivos
"Cuaba - Exclusivos 25pcs, wooden Box",269.18,https://selected-cigars.com/en/cuaba-exclusivos
"Vegas Robaina - Unicos 25pcs, wooden Box",358.90,https://selected-cigars.com/en/vegas-robaina-unicos
Punch  - Short de Punch 10 pcs box/ 1 Box per Customer,104.76,https://selected-cigars.com/en/punch-short-de-punch
San Cristobal - La Fuerza 1 piece,13.20,https://selected-cigars.com/en/san-cristobal-la-fuerza-2376
San Cristobal - La Fuerza 25pcs,320.10,https://selected-cigars.com/en/san-cristobal-la-fuerza-2376
Jose La Piedra - Conservas 1 piece,2.40,https://selected-cigars.com/en/jose-la-piedra-conservas
Jose La Piedra - Conservas 5pcs,11.64,https://selected-cigars.com/en/jose-la-piedra-conservas
Jose La Piedra - Conservas 25pcs,58.20,https://selected-cigars.com/en/jose-la-piedra-conservas
Juan López - Selección No. 1 1 piece,10.90,https://selected-cigars.com/en/juan-lopez-seleccion-no-1
"Juan López - Selección No. 1 25pcs, wooden Box",264.33,https://selected-cigars.com/en/juan-lopez-seleccion-no-1
"Punch - Petit Coronations 1 piece, Alu Tubos",6.20,https://selected-cigars.com/en/punch-petit-coronations
"Punch - Petit Coronations 25pcs, Alu Tubos",150.35,https://selected-cigars.com/en/punch-petit-coronations
Montecristo - OPEN Master 1 piece,12.30,https://selected-cigars.com/en/montecristo-open-master
"Montecristo - OPEN Master 1 piece, Alu Tubos",13.30,https://selected-cigars.com/en/montecristo-open-master
"Montecristo - OPEN Master 3pcs, Alu Tubos",38.70,https://selected-cigars.com/en/montecristo-open-master
"Montecristo - OPEN Master 20pcs, wooden Box",238.62,https://selected-cigars.com/en/montecristo-open-master
"H. Upmann - Coronas Major 1 piece,  Alu Tubos",6.70,https://selected-cigars.com/en/h-upmann-coronas-major
"H. Upmann - Coronas Major 25pcs, Alu Tubos",162.48,https://selected-cigars.com/en/h-upmann-coronas-major
Sancho Panza - Non Plus 1 piece,7.40,https://selected-cigars.com/en/sancho-panza-non-plus
"Sancho Panza - Non Plus 25pcs, wooden Box",179.45,https://selected-cigars.com/en/sancho-panza-non-plus
Trinidad - Reyes 1 piece,8.60,https://selected-cigars.com/en/trinidad-reyes
"Trinidad - Reyes 12pcs, wooden Box",100.10,https://selected-cigars.com/en/trinidad-reyes
"Trinidad - Reyes 24pcs, wooden Box",200.21,https://selected-cigars.com/en/trinidad-reyes
Trinidad - Reyes 5pcs Box,40.26,https://selected-cigars.com/en/trinidad-reyes
"Romeo y Julieta - Churchills 1 piece, Alu Tubos",18.80,https://selected-cigars.com/en/romeo-y-julieta-churchills
"Romeo y Julieta - Churchills 3pcs, Alu Tubos",54.71,https://selected-cigars.com/en/romeo-y-julieta-churchills
"Romeo y Julieta - Churchills 25pcs, Alu Tubos",455.90,https://selected-cigars.com/en/romeo-y-julieta-churchills
Partagas Serie D No. 6 - 1 piece,8.30,https://selected-cigars.com/en/partagas-serie-d-no-6
Partagas Serie D No. 6 - 5pcs,40.26,https://selected-cigars.com/en/partagas-serie-d-no-6
Partagas Serie D No. 6 - 20pcs,161.02,https://selected-cigars.com/en/partagas-serie-d-no-6
Cohiba - LINEA 1492 Siglo II 1pc,15.60,https://selected-cigars.com/en/cohiba-linea-1492-siglo-ii
"Cohiba - LINEA 1492 Siglo II 25pcs, wooden Box",378.30,https://selected-cigars.com/en/cohiba-linea-1492-siglo-ii
San Cristobal - La Punta 1 piece,12.40,https://selected-cigars.com/en/san-cristobal-la-punta-2379
San Cristobal - La Punta 25pcs,300.70,https://selected-cigars.com/en/san-cristobal-la-punta-2379
Romeo y Julieta - Mille Fleurs 1 piece,4.60,https://selected-cigars.com/en/romeo-y-julieta-mille-fleurs
"Romeo y Julieta - Mille Fleurs 10pcs, wooden Box",44.62,https://selected-cigars.com/en/romeo-y-julieta-mille-fleurs
"Romeo y Julieta - Mille Fleurs 25pcs, wooden Box",111.55,https://selected-cigars.com/en/romeo-y-julieta-mille-fleurs
Cohiba - LINEA CLASICA Coronas Especiales 1 piece *** 5pcs / Customer ***,22.00,https://selected-cigars.com/en/cohiba-linea-clasica-coronas-especiales
"Cohiba - LINEA CLASICA Coronas Especiales 25pcs, wooden Box *** 1 Box per customer ***",533.50,https://selected-cigars.com/en/cohiba-linea-clasica-coronas-especiales
Diplomaticos No.2 - 1pc,12.30,https://selected-cigars.com/en/diplomaticos-no-2
Por Larrañaga Picadores 1 piece,8.80,https://selected-cigars.com/en/por-larra-aga-picadores
"Por Larrañaga Picadores – 25pcs, wooden Box",213.40,https://selected-cigars.com/en/por-larra-aga-picadores
H. Upmann - Upmann No. 2 1 piece,13.40,https://selected-cigars.com/en/h-upmann-upmann-no-2
"H. Upmann - Upmann No. 2 25pcs, wooden Box",324.95,https://selected-cigars.com/en/h-upmann-upmann-no-2
Partagás - Mille Fleurs 1 piece,5.20,https://selected-cigars.com/en/partagas-mille-fleurs
Partagás - Mille Fleurs 5pcs Box,25.22,https://selected-cigars.com/en/partagas-mille-fleurs
"Partagás - Mille Fleurs 10pcs, wooden Box",50.44,https://selected-cigars.com/en/partagas-mille-fleurs
"Partagás - Mille Fleurs 25pcs, wooden Box",126.10,https://selected-cigars.com/en/partagas-mille-fleurs
H. UPMANN MAGNUM 54 - 1 pc,12.80,https://selected-cigars.com/en/h-upmann-magnum-54
H. UPMANN MAGNUM 54 - 1 pc,14.40,https://selected-cigars.com/en/h-upmann-magnum-54
H. UPMANN MAGNUM 54 - 10 pcs/box,124.16,https://selected-cigars.com/en/h-upmann-magnum-54
H. UPMANN MAGNUM 54 - 25pcs/box,310.40,https://selected-cigars.com/en/h-upmann-magnum-54
H. Upmann Connossieur A – exclusiv for La Casa del Habano,14.30,https://selected-cigars.com/en/h-upmann-connossieur-a-exklusiv-fuer-lcdh
"H. Upmann Connossieur A – exclusiv for La Casa del Habano 25pcs, wooden Box",346.78,https://selected-cigars.com/en/h-upmann-connossieur-a-exklusiv-fuer-lcdh
Montecristo - Edmundos 1 piece,13.70,https://selected-cigars.com/en/montecristo-edmundos
Montecristo - Edmundos A/T 1 piece,14.90,https://selected-cigars.com/en/montecristo-edmundos
Montecristo - Edmundos 3pcs Box,39.87,https://selected-cigars.com/en/montecristo-edmundos
Montecristo - Edmundos A/T 3pcs,43.36,https://selected-cigars.com/en/montecristo-edmundos
"Montecristo - Edmundos 25pcs, wooden Box",332.23,https://selected-cigars.com/en/montecristo-edmundos
H. Upmann - Magnum 50 1 piece,14.80,https://selected-cigars.com/en/h-upmann-magnum-50
"H. Upmann - Magnum 50 25pcs, wooden Box",358.90,https://selected-cigars.com/en/h-upmann-magnum-50
Bolívar - Royal Coronas 1pc,10.80,https://selected-cigars.com/en/bolivar-royal-coronas
Bolívar - Royal Coronas A/T 1pc,11.90,https://selected-cigars.com/en/bolivar-royal-coronas
Bolívar - Royal Coronas A/T 10pcs,115.43,https://selected-cigars.com/en/bolivar-royal-coronas
"Bolívar - Royal Coronas 25pcs, wooden Box",261.90,https://selected-cigars.com/en/bolivar-royal-coronas
Fonseca - No. 1 1 piece,8.20,https://selected-cigars.com/en/fonseca-no-1
"Fonseca - No. 1 25pcs, wooden Box",198.85,https://selected-cigars.com/en/fonseca-no-1
Punch - Punch 1 piece,11.90,https://selected-cigars.com/en/punch-punch
"Punch - Punch 25pcs, wooden Box",288.58,https://selected-cigars.com/en/punch-punch
Ramón Allones - Gigantes 1 piece,17.20,https://selected-cigars.com/en/ramon-allones-gigantes
"Ramón Allones - Gigantes 25pcs, wooden Box",417.10,https://selected-cigars.com/en/ramon-allones-gigantes
"ROMEO Y JULIETA CEDROS DE LUXE - Exklusiv for La Casa del Habano, 1 piece",14.20,https://selected-cigars.com/en/romeo-y-julieta-cedros-de-luxe-exklusiv-fuer-la-casa-del-habano
ROMEO Y JULIETA CEDROS DE LUXE - Exklusiv for La Casa del Habano - 10pcs wooden Box,137.74,https://selected-cigars.com/en/romeo-y-julieta-cedros-de-luxe-exklusiv-fuer-la-casa-del-habano
Partagás - Serie D No. 4 1 piece,11.30,https://selected-cigars.com/en/partagas-serie-d-no-4
"Partagás - Serie D No. 4 1 piece, Alu Tubo",12.50,https://selected-cigars.com/en/partagas-serie-d-no-4
"Partagás - Serie D No. 4 3pcs, Alu Tubo",36.38,https://selected-cigars.com/en/partagas-serie-d-no-4
"Partagás - Serie D No. 4 10pcs, wooden Box",109.61,https://selected-cigars.com/en/partagas-serie-d-no-4
"Partagás - Serie D No. 4 25pcs, wooden Box",274.03,https://selected-cigars.com/en/partagas-serie-d-no-4
Ramon Allones Allones Superiores exklusiv for LCDH - 1 pc,9.80,https://selected-cigars.com/en/ramon-allones-allones-superiores-exklusiv-fuer-lcdh
Ramon Allones Allones Superiores exklusiv for LCDH - 10pcs,95.06,https://selected-cigars.com/en/ramon-allones-allones-superiores-exklusiv-fuer-lcdh
H. Upmann - Half Corona 1 piece,4.40,https://selected-cigars.com/en/h-upmann-half-corona
"H. Upmann - Half Corona 5 pieces, sheet metal crate",25.22,https://selected-cigars.com/en/h-upmann-half-corona
"H. Upmann - Half Corona 25pcs,wooden Box",106.70,https://selected-cigars.com/en/h-upmann-half-corona
Cohiba - LINEA CLASICA Robustos 1 piece,22.90,https://selected-cigars.com/en/cohiba-linea-clasica-robustos
Cohiba Robusto AT 1 piece,26.00,https://selected-cigars.com/en/cohiba-linea-clasica-robustos
Romeo y Julieta - Wide Churchills 1 piece,12.40,https://selected-cigars.com/en/romeo-y-julieta-wide-churchills
"Romeo y Julieta - Wide Churchills 1 piece, Alu Tubo",13.60,https://selected-cigars.com/en/romeo-y-julieta-wide-churchills
"Romeo y Julieta - Wide Churchills 3pcs, Alu Tubo",39.58,https://selected-cigars.com/en/romeo-y-julieta-wide-churchills
"Romeo y Julieta - Wide Churchills 25pcs, wooden Box",300.70,https://selected-cigars.com/en/romeo-y-julieta-wide-churchills
Jose La Piedra - Petit Cazadores 1 piece,1.80,https://selected-cigars.com/en/jose-la-piedra-petit-cazadores
Jose La Piedra - Petit Cazadores 5pcs,8.73,https://selected-cigars.com/en/jose-la-piedra-petit-cazadores
Jose La Piedra - Petit Cazadores 25pcs,43.65,https://selected-cigars.com/en/jose-la-piedra-petit-cazadores
Partagás - Serie P No. 2 1 piece,13.60,https://selected-cigars.com/en/partagas-serie-p-no-2
"Partagás - Serie P No. 2 1 piece, Alu Tubo",14.80,https://selected-cigars.com/en/partagas-serie-p-no-2
"Partagás - Serie P No. 2 3pcs, Alu Tubo",43.07,https://selected-cigars.com/en/partagas-serie-p-no-2
"Partagás - Serie P No. 2 10pcs, wooden Box",131.92,https://selected-cigars.com/en/partagas-serie-p-no-2
"Partagás - Serie P No. 2 25pcs, wooden Box",329.80,https://selected-cigars.com/en/partagas-serie-p-no-2
HOYO DE MONTERREY LE HOYO DE RIO SECO 1 PC,15.40,https://selected-cigars.com/en/hoyo-de-monterrey-le-hoyo-de-rio-seco
HOYO DE MONTERREY LE HOYO DE RIO SECO 25 pcs Box/ 1 Box per Customer,373.45,https://selected-cigars.com/en/hoyo-de-monterrey-le-hoyo-de-rio-seco
Montecristo - No. 2 1 piece,15.40,https://selected-cigars.com/en/montecristo-no-2
"Montecristo - No. 2 10pcs, wooden Box",149.38,https://selected-cigars.com/en/montecristo-no-2
"Montecristo - No. 2 25pcs, wooden Box",373.45,https://selected-cigars.com/en/montecristo-no-2
Hoyo de Monterrey - Epicure Especial 1 piece,13.30,https://selected-cigars.com/en/hoyo-de-monterrey-epicure-especial
"Hoyo de Monterrey - Epicure Especial 1 piece, Alu Tubo",14.30,https://selected-cigars.com/en/hoyo-de-monterrey-epicure-especial
"Hoyo de Monterrey - Epicure Especial 3pcs, Alu Tubo",41.61,https://selected-cigars.com/en/hoyo-de-monterrey-epicure-especial
"Hoyo de Monterrey - Epicure Especial 10pcs, wooden Box",129.01,https://selected-cigars.com/en/hoyo-de-monterrey-epicure-especial
"Hoyo de Monterrey - Epicure Especial 25pcs, wooden Box",322.53,https://selected-cigars.com/en/hoyo-de-monterrey-epicure-especial
Ramón Allones - Specially Selected 1 piece,10.00,https://selected-cigars.com/en/ramon-allones-specially-selected
"Ramón Allones - Specially Selected 50pcs, wooden Box",485.00,https://selected-cigars.com/en/ramon-allones-specially-selected
"Ramón Allones - Specially Selected 25pcs, wooden Box",242.50,https://selected-cigars.com/en/ramon-allones-specially-selected
Hoyo de Monterrey - Epicure No. 2 1 piece,11.20,https://selected-cigars.com/en/hoyo-de-monterrey-epicure-no-2
"Hoyo de Monterrey - Epicure No. 2 1 piece, Alu Tubo",12.60,https://selected-cigars.com/en/hoyo-de-monterrey-epicure-no-2
Hoyo de Monterrey - Epicure No. 2 3pcs,32.59,https://selected-cigars.com/en/hoyo-de-monterrey-epicure-no-2
"Hoyo de Monterrey - Epicure No. 2 3pcs, Alu Tubo",36.67,https://selected-cigars.com/en/hoyo-de-monterrey-epicure-no-2
"Hoyo de Monterrey - Epicure No. 2 25pcs, wooden Box",271.60,https://selected-cigars.com/en/hoyo-de-monterrey-epicure-no-2
"Hoyo de Monterrey - Epicure No. 2 50pcs, wooden Box",543.20,https://selected-cigars.com/en/hoyo-de-monterrey-epicure-no-2
Trinidad - Coloniales 1 piece,12.80,https://selected-cigars.com/en/trinidad-coloniales
"Trinidad - Coloniales 24pcs, wooden Box",297.98,https://selected-cigars.com/en/trinidad-coloniales
Por Larrañaga - Petit Coronas 1 piece,6.90,https://selected-cigars.com/en/por-larra-aga-petit-coronas
"Por Larrañaga - Petit Coronas 50pcs, wooden Box",334.65,https://selected-cigars.com/en/por-larra-aga-petit-coronas
Partagás - Lusitanias 1 piece,19.30,https://selected-cigars.com/en/catalog/product/view/id/1274/s/partagas-lusitanias/category/107/
"Partagás - Lusitanias 10pcs, wooden Box",187.21,https://selected-cigars.com/en/catalog/product/view/id/1274/s/partagas-lusitanias/category/107/
"Partagás - Lusitanias 25pcs, wooden Box",468.03,https://selected-cigars.com/en/catalog/product/view/id/1274/s/partagas-lusitanias/category/107/
"Partagás - Lusitanias 50pcs, wooden Box",936.05,https://selected-cigars.com/en/catalog/product/view/id/1274/s/partagas-lusitanias/category/107/
Jose La Piedra - Cazadores 1 piece,2.40,https://selected-cigars.com/en/jose-la-piedra-cazadores
Jose La Piedra - Cazadores 5pcs,11.64,https://selected-cigars.com/en/jose-la-piedra-cazadores
Jose La Piedra - Cazadores 25pcs,58.20,https://selected-cigars.com/en/jose-la-piedra-cazadores
Montecristo - No. 4 1 piece,9.00,https://selected-cigars.com/en/montecristo-no-4
Montecristo - No. 4 3pcs Box,26.19,https://selected-cigars.com/en/montecristo-no-4
Montecristo - No. 4 5pcs Box,43.65,https://selected-cigars.com/en/montecristo-no-4
"Montecristo - No. 4 10pcs, wooden Box",87.30,https://selected-cigars.com/en/montecristo-no-4
"Montecristo - No. 4 25pcs, wooden Box",218.25,https://selected-cigars.com/en/montecristo-no-4
Trinidad Vigía Alu Tubo 1 piece,15.60,https://selected-cigars.com/en/trinidad-vigia
Trinidad Vigía Alu Tubo 3pcs,45.40,https://selected-cigars.com/en/trinidad-vigia
Hoyo de Monterrey San Juan 1Pc,15.80,https://selected-cigars.com/en/hoyo-de-monterrey-san-juan-2749
Hoyo de Monterrey San Juan AT 1pc,17.10,https://selected-cigars.com/en/hoyo-de-monterrey-san-juan-2749
Hoyo de Monterrey San Juan AT 3pcs,49.76,https://selected-cigars.com/en/hoyo-de-monterrey-san-juan-2749
"Hoyo de Monterrey San Juan 10pcs, wooden Box",153.26,https://selected-cigars.com/en/hoyo-de-monterrey-san-juan-2749
"Hoyo de Monterrey San Juan 25pcs, wooden Box",383.15,https://selected-cigars.com/en/hoyo-de-monterrey-san-juan-2749
Rafael González - Perlas 1 piece,4.60,https://selected-cigars.com/en/rafael-gonzalez-perlas
"Rafael González - Perlas 25pcs, wooden Box",111.55,https://selected-cigars.com/en/rafael-gonzalez-perlas
"H. Upmann - Coronas Junior 1 piece, Alu Tubos",5.80,https://selected-cigars.com/en/h-upmann-coronas-junior
"H. Upmann - Coronas Junior 25pcs, Alu Tubos",140.65,https://selected-cigars.com/en/h-upmann-coronas-junior
Romeo y Julieta - Belvederes 1 piece,4.50,https://selected-cigars.com/en/romeo-y-julieta-belvederes
"Romeo y Julieta - Belvederes 25pcs, wooden Box",109.13,https://selected-cigars.com/en/romeo-y-julieta-belvederes
QUINTERO TUBULARES - 1 piece,3.60,https://selected-cigars.com/en/quintero-tubulares
QUINTERO TUBULARES - 3pcs,10.48,https://selected-cigars.com/en/quintero-tubulares
Fonseca - Cosacos 1 piece,6.40,https://selected-cigars.com/en/fonseca-cosacos
"Fonseca - Cosacos 25 pcs, wooden Box",155.20,https://selected-cigars.com/en/fonseca-cosacos
"Romeo y Julieta - Julieta 5pcs, sheet metal crate",30.07,https://selected-cigars.com/en/romeo-y-julieta-julieta
ROMEO Y JULIETA PETIT ROYALES - 1 PC,8.10,https://selected-cigars.com/en/romeo-y-julieta-petit-royales
ROMEO Y JULIETA PETIT ROYALES TUBO - 1 PC,9.90,https://selected-cigars.com/en/romeo-y-julieta-petit-royales
ROMEO Y JULIETA PETIT ROYALES - 25 PCS,196.43,https://selected-cigars.com/en/romeo-y-julieta-petit-royales
Hoyo de Monterrey - Hoyo du Depute 1 piece,6.90,https://selected-cigars.com/en/hoyo-de-monterrey-hoyo-du-depute
"Hoyo de Monterrey - Hoyo du Depute 25pcs, wooden Box",167.33,https://selected-cigars.com/en/hoyo-de-monterrey-hoyo-du-depute
Romeo y Julieta - Sport Largos 1 piece,4.00,https://selected-cigars.com/en/romeo-y-julieta-sport-largos
"Romeo y Julieta - Sport Largos 25pcs, wooden Box",97.00,https://selected-cigars.com/en/romeo-y-julieta-sport-largos
Romeo y Julieta - Cedros de Luxe No. 2 1 piece,10.50,https://selected-cigars.com/en/romeo-y-julieta-cedros-de-luxe-no-2
"Romeo y Julieta - Cedros de Luxe No. 2 25pcs, wooden Box",254.14,https://selected-cigars.com/en/romeo-y-julieta-cedros-de-luxe-no-2
Romeo y Julieta - Petit Julietas 1 piece,5.10,https://selected-cigars.com/en/romeo-y-julieta-petit-julietas
Romeo y Julieta - Petit Julietas 5pcs Box,22.80,https://selected-cigars.com/en/romeo-y-julieta-petit-julietas
"Romeo y Julieta - Petit Julietas 25pcs, wooden Box",123.68,https://selected-cigars.com/en/romeo-y-julieta-petit-julietas
"Romeo y Julieta - Romeo No. 3 1 piece, Alu Tubos",6.50,https://selected-cigars.com/en/romeo-y-julieta-romeo-no-3
"Romeo y Julieta - Romeo No. 3 3pcs, Alu Tubos",18.92,https://selected-cigars.com/en/romeo-y-julieta-romeo-no-3
"Romeo y Julieta - Romeo No. 3 10pcs, Alu Tubos",63.05,https://selected-cigars.com/en/romeo-y-julieta-romeo-no-3
"Romeo y Julieta - Romeo No. 3 25pcs,Alu Tubos",157.63,https://selected-cigars.com/en/romeo-y-julieta-romeo-no-3
Bolívar - Tubos No. 2 A/T 1pc,9.70,https://selected-cigars.com/en/bolivar-tubos-no-2
Bolívar - Tubos No. 2 A/T 25pcs Box,235.23,https://selected-cigars.com/en/bolivar-tubos-no-2
"Montecristo - Petit 1 piece, Alu Tubos",10.40,https://selected-cigars.com/en/montecristo-petit-alu-tubo
"Montecristo - Petit 3pcs, Alu Tubos",32.01,https://selected-cigars.com/en/montecristo-petit-alu-tubo
"Montecristo - Petit 5pcs, Alu Tubos",50.44,https://selected-cigars.com/en/montecristo-petit-alu-tubo
"Montecristo - Petit 25pcs, Alu Tubos",252.20,https://selected-cigars.com/en/montecristo-petit-alu-tubo
Quintero - Brevas 1 piece,2.70,https://selected-cigars.com/en/quintero-brevas
"Quintero - Brevas 25pcs, wooden Box",65.48,https://selected-cigars.com/en/quintero-brevas
Romeo y Julieta - Cedros de Luxe No. 3 1 piece,8.50,https://selected-cigars.com/en/romeo-y-julieta-cedros-de-luxe-no-3
"Romeo y Julieta - Cedros de Luxe No. 3 25pcs, wooden Box",206.13,https://selected-cigars.com/en/romeo-y-julieta-cedros-de-luxe-no-3
Quintero - Londres Extra 1 piece,3.00,https://selected-cigars.com/en/quintero-londres-extra
Quintero - Londres Extra 25pcs box,72.75,https://selected-cigars.com/en/quintero-londres-extra
Quintero - Panetelas 1 piece,2.50,https://selected-cigars.com/en/quintero-panetelas
"Quintero - Panetelas 25pcs, wooden Box",60.63,https://selected-cigars.com/en/quintero-panetelas
Guantanamera - Decimos 1 piece,1.65,https://selected-cigars.com/en/guantanamera-decimos
Guantanamera - Decimos 5pcs,8.25,https://selected-cigars.com/en/guantanamera-decimos
Guantanamera - Decimos 10pcs,16.49,https://selected-cigars.com/en/guantanamera-decimos
Guantanamera - Decimos 25pcs,40.01,https://selected-cigars.com/en/guantanamera-decimos
"Romeo y Julieta - Romeo No. 1 1 piece, Alu Tubos",7.40,https://selected-cigars.com/en/romeo-y-julieta-romeo-no-1
"Romeo y Julieta - Romeo No. 1 3pcs, Alu Tubos",21.73,https://selected-cigars.com/en/romeo-y-julieta-romeo-no-1
"Romeo y Julieta - Romeo No. 1 10pcs, Alu Tubos",71.78,https://selected-cigars.com/en/romeo-y-julieta-romeo-no-1
"Romeo y Julieta - Romeo No. 1 25pcs, Alu Tubos",179.45,https://selected-cigars.com/en/romeo-y-julieta-romeo-no-1
Quintero - Nacionales 1 piece,3.30,https://selected-cigars.com/en/quintero-nacionales
Quintero - Nacionales 25pcs Box,80.03,https://selected-cigars.com/en/quintero-nacionales
Romeo y Julieta - Petit Coronas 1 piece,8.00,https://selected-cigars.com/en/romeo-y-julieta-petit-coronas
"Romeo y Julieta - Petit Coronas 25pcs, wooden Box",194.00,https://selected-cigars.com/en/romeo-y-julieta-petit-coronas
Guantanamera - Puritos 5pcs,4.07,https://selected-cigars.com/en/guantanamera-puritos
Guantanamera - Minutos 3pcs,4.07,https://selected-cigars.com/en/guantanamera-minutos
Guantanamera - Minuto 20pcs,27.16,https://selected-cigars.com/en/guantanamera-minutos
Bolívar - Belicosos Finos Cabinet 1pc,12.80,https://selected-cigars.com/en/bolivar-belicosos-finos-cabinet
Romeo y Julieta - Cazadores 1 piece,11.20,https://selected-cigars.com/en/romeo-y-julieta-cazadores
"Romeo y Julieta - Cazadores 25pcs, wooden Box",271.60,https://selected-cigars.com/en/romeo-y-julieta-cazadores
Montecristo - OPEN Junior 1 piece,7.30,https://selected-cigars.com/en/montecristo-open-junior
"Montecristo - OPEN Junior 1 piece, Alu Tubos",8.50,https://selected-cigars.com/en/montecristo-open-junior
"Montecristo - OPEN Junior 20pcs, wooden Box",141.62,https://selected-cigars.com/en/montecristo-open-junior
Montecristo - No. 3 1 piece,11.60,https://selected-cigars.com/en/montecristo-no-3
Montecristo - No. 3 5pcs  Box,56.26,https://selected-cigars.com/en/montecristo-no-3
"Montecristo - No. 3 25pcs, wooden Box",281.30,https://selected-cigars.com/en/montecristo-no-3
Hoyo de Monterrey - Epicure No. 1 1 piece,12.20,https://selected-cigars.com/en/hoyo-de-monterrey-epicure-no-1
"Hoyo de Monterrey - Epicure No. 1 25pcs, wooden Box",295.85,https://selected-cigars.com/en/hoyo-de-monterrey-epicure-no-1
Quintero - Petit Quinteros 1 piece,2.30,https://selected-cigars.com/en/quintero-petit-quinteros
Quintero - Petit Quinteros 25pcs Box,55.78,https://selected-cigars.com/en/quintero-petit-quinteros
Partagás - Petit Coronas Especiales 1 piece,5.20,https://selected-cigars.com/en/partagas-petit-coronas-especiales
"Partagás - Petit Coronas Especiales 25pcs, wooden Box",126.10,https://selected-cigars.com/en/partagas-petit-coronas-especiales
Vegueros - Tapados 1pc,6.60,https://selected-cigars.com/en/vegueros-tapados
Vegueros - Tapados 4 box,25.61,https://selected-cigars.com/en/vegueros-tapados
Vegueros - Tapados 16 box,102.43,https://selected-cigars.com/en/vegueros-tapados
Romeo y Julieta - Exhibición No. 4 1 piece,10.90,https://selected-cigars.com/en/romeo-y-julieta-exhibicion-no-4
"Romeo y Julieta - Exhibición No. 4 25pcs, wooden Box",264.33,https://selected-cigars.com/en/romeo-y-julieta-exhibicion-no-4
Montecristo - OPEN Regata 1 piece,10.00,https://selected-cigars.com/en/montecristo-open-regata
"Montecristo - OPEN Regata 1 piece, Alu Tubos",11.20,https://selected-cigars.com/en/montecristo-open-regata
"Montecristo - OPEN Regata 20pcs, wooden Box",194.00,https://selected-cigars.com/en/montecristo-open-regata
"Partagás - Coronas Senior 1 piece,Alu Tubos",6.80,https://selected-cigars.com/en/partagas-coronas-senior
"Partagás - Coronas Senior 25 pcs, Alu Tubos",164.90,https://selected-cigars.com/en/partagas-coronas-senior
"Hoyo de Monterrey - Coronations 1piece, Alu Tubos",7.00,https://selected-cigars.com/en/hoyo-de-monterrey-coronations
"Hoyo de Monterrey - Coronations 3pcs, Alu Tubos",20.37,https://selected-cigars.com/en/hoyo-de-monterrey-coronations
"Hoyo de Monterrey - Coronations 25pcs, Alu Tubos",169.75,https://selected-cigars.com/en/hoyo-de-monterrey-coronations
