雪茄,税前价格,折扣,原价,链接
Cuaba - Tradicionales 1 piece,8.00,0,8.00,https://selected-cigars.com/en/cuaba-tradicionales
"Cuaba - Tradicionales 25pcs, wooden Box",188.18,-3%,194.00,https://selected-cigars.com/en/cuaba-tradicionales
Ramón Allones - Small Club Coronas 1 piece,6.30,0,6.30,https://selected-cigars.com/en/ramon-allones-small-club-coronas
"Ramón Allones - Small Club Coronas 25pcs, wooden Box",148.20,-3%,152.78,https://selected-cigars.com/en/ramon-allones-small-club-coronas
Vegueros - Mananitas 1pc,5.10,0,5.10,https://selected-cigars.com/en/catalog/product/view/id/443/s/vegueros-mananitas/category/107/
Vegueros - Mananitas 4pcs box,19.20,-3%,19.79,https://selected-cigars.com/en/catalog/product/view/id/443/s/vegueros-mananitas/category/107/
Vegueros - Mananitas 16 pcs box,76.78,-3%,79.15,https://selected-cigars.com/en/catalog/product/view/id/443/s/vegueros-mananitas/category/107/
Rafael González - Panetelas Extra 1 piece,3.10,0,3.10,https://selected-cigars.com/en/rafael-gonzalez-panetelas-extra
"Rafael González - Panetelas Extra 25pcs, wooden Box",72.92,-3%,75.18,https://selected-cigars.com/en/rafael-gonzalez-panetelas-extra
Vegas Robaina - Famosos 1 piece,11.40,0,11.40,https://selected-cigars.com/en/vegas-robaina-famosos
"Vegas Robaina - Famosos 25pcs, wooden Box",268.16,-3%,276.45,https://selected-cigars.com/en/vegas-robaina-famosos
H.Upmann Epicures 1 piece,3.90,0,3.90,https://selected-cigars.com/en/h-upmann-epicures
"H.Upmann Epicures 25pcs, wooden Box",91.74,-3%,94.58,https://selected-cigars.com/en/h-upmann-epicures
Bolívar - Belicosos Finos 1pc,12.80,0,12.80,https://selected-cigars.com/en/bolivar-belicosos-finos
Bolívar - Belicosos Finos 25pcs Box,301.09,-3%,310.40,https://selected-cigars.com/en/bolivar-belicosos-finos
El Rey del Mundo - Demi Tasse 1 piece,4.60,0,4.60,https://selected-cigars.com/en/el-rey-del-mundo-demi-tasse
"El Rey del Mundo - Demi Tasse 25pcs, wooden Box",108.20,-3%,111.55,https://selected-cigars.com/en/el-rey-del-mundo-demi-tasse
Montecristo - Petit Edmundos 1 piece,11.40,0,11.40,https://selected-cigars.com/en/montecristo-petit-edmundos
"Montecristo - Petit Edmundos 10pcs, wooden Box",107.26,-3%,110.58,https://selected-cigars.com/en/montecristo-petit-edmundos
"Montecristo - Petit Edmundos 25pcs,wooden Box",268.16,-3%,276.45,https://selected-cigars.com/en/montecristo-petit-edmundos
H. Upmann - Connossieur No. 1 1 piece,10.50,0,10.50,https://selected-cigars.com/en/h-upmann-connossieur-no-1
"H. Upmann - Connossieur No. 1 25pcs, wooden Box",246.99,-3%,254.63,https://selected-cigars.com/en/h-upmann-connossieur-no-1
Hoyo de Monterrey - Petit Robustos 1 piece,9.50,0,9.50,https://selected-cigars.com/en/hoyo-de-monterrey-petit-robustos
Hoyo de Monterrey - Petit Robustos 3pcs Box,26.82,-3%,27.65,https://selected-cigars.com/en/hoyo-de-monterrey-petit-robustos
"Hoyo de Monterrey - Petit Robustos 25pcs, wooden Box",223.47,-3%,230.38,https://selected-cigars.com/en/hoyo-de-monterrey-petit-robustos
Saint Luis Rey - Regios 1 piece,9.70,0,9.70,https://selected-cigars.com/en/saint-luis-rey-regios
"Saint Luis Rey - Regios 25pcs, wooden Box",228.17,-3%,235.23,https://selected-cigars.com/en/saint-luis-rey-regios
La Flor de Cano - Petit Coronas 1er,3.40,0,3.40,https://selected-cigars.com/en/la-flor-de-cano-petit-coronas
La Flor de Cano - Petit Coronas 25pcs Box,79.98,-3%,82.45,https://selected-cigars.com/en/la-flor-de-cano-petit-coronas
Cuaba - Divinos 1 piece,7.00,0,7.00,https://selected-cigars.com/en/cuaba-divinos
"Cuaba - Divinos 25pcs, wooden Box",164.66,-3%,169.75,https://selected-cigars.com/en/cuaba-divinos
"Punch - Coronations 1 piece, Alu Tubos",6.90,0,6.90,https://selected-cigars.com/en/punch-coronations
"Punch - Coronations 25pcs,  Alu Tubos",162.31,-3%,167.33,https://selected-cigars.com/en/punch-coronations
Bolívar - Petit Coronas 1pc,7.90,0,7.90,https://selected-cigars.com/en/bolivar-petit-coronas
"Bolívar - Petit Coronas 25pcs, wooden Box",185.83,-3%,191.58,https://selected-cigars.com/en/bolivar-petit-coronas
Por Larrañaga - Panetelas 25pcs Box,84.68,-3%,87.30,https://selected-cigars.com/en/por-larra-aga-panetelas
Hoyo de Monterrey - Hoyo du Maire 1 piece,5.50,0,5.50,https://selected-cigars.com/en/hoyo-de-monterrey-hoyo-du-maire
"Hoyo de Monterrey - Hoyo du Maire 25pcs, wooden Box",129.38,-3%,133.38,https://selected-cigars.com/en/hoyo-de-monterrey-hoyo-du-maire
Hoyo de Monterrey - Palmas Extra 1 piece,5.70,0,5.70,https://selected-cigars.com/en/hoyo-de-monterrey-palmas-extra
"Hoyo de Monterrey - Palmas Extra 25pcs, wooden Box",134.08,-3%,138.23,https://selected-cigars.com/en/hoyo-de-monterrey-palmas-extra
Bolívar - Coronas Junior 1pc,6.90,0,6.90,https://selected-cigars.com/en/bolivar-coronas-junior
Bolívar - Coronas Junior 25pcs Box,162.31,-3%,167.33,https://selected-cigars.com/en/bolivar-coronas-junior
H. Upmann - Magnum 46 1 piece,12.10,0,12.10,https://selected-cigars.com/en/h-upmann-magnum-46
"H. Upmann - Magnum 46 1 piece,  Alu Tubo",13.00,0,13.00,https://selected-cigars.com/en/h-upmann-magnum-46
"H. Upmann - Magnum 46 25pcs, wooden Box",284.63,-3%,293.43,https://selected-cigars.com/en/h-upmann-magnum-46
Juan López - Selección No. 2 1 piece,10.00,0,10.00,https://selected-cigars.com/en/juan-lopez-seleccion-no-2
"Juan López - Selección No. 2 25pcs, wooden Box",235.22,-3%,242.50,https://selected-cigars.com/en/juan-lopez-seleccion-no-2
Por Larrañaga - Montecarlos 1 piece,5.20,0,5.20,https://selected-cigars.com/en/por-larra-aga-montecarlos
"Por Larrañaga - Montecarlos 25pcs, wooden Box",122.32,-3%,126.10,https://selected-cigars.com/en/por-larra-aga-montecarlos
Montecristo - No. 1 1 piece,13.40,0,13.40,https://selected-cigars.com/en/montecristo-no-1
"Montecristo - No. 1 25pcs, wooden Box",315.20,-3%,324.95,https://selected-cigars.com/en/montecristo-no-1
Partagás - Shorts 1 piece,6.60,0,6.60,https://selected-cigars.com/en/partagas-shorts
"Partagás - Shorts 25pcs, wooden box",155.25,-3%,160.05,https://selected-cigars.com/en/partagas-shorts
"Partagás - Shorts 50pcs, wooden Box",310.50,-3%,320.10,https://selected-cigars.com/en/partagas-shorts
Romeo y Julieta - Short Churchills 1 piece,11.60,0,11.60,https://selected-cigars.com/en/romeo-y-julieta-short-churchills
Romeo y Julieta - Short Churchills Alu Tubo 1 piece,12.70,0,12.70,https://selected-cigars.com/en/romeo-y-julieta-short-churchills
Romeo y Julieta - Short Churchills Alu Tubo 3pcs,35.85,-3%,36.96,https://selected-cigars.com/en/romeo-y-julieta-short-churchills
"Romeo y Julieta - Short Churchills 10pcs, wooden Box",109.14,-3%,112.52,https://selected-cigars.com/en/romeo-y-julieta-short-churchills
"Romeo y Julieta - Short Churchills 25pcs, wooden Box",272.86,-3%,281.30,https://selected-cigars.com/en/romeo-y-julieta-short-churchills
Montecristo - Especial No. 2 1 piece,13.30,0,13.30,https://selected-cigars.com/en/montecristo-especial-no-2
"Montecristo - Especial No. 2 25pcs, wooden Box",312.85,-3%,322.53,https://selected-cigars.com/en/montecristo-especial-no-2
"H. Upmann - Coronas Minor 1 piece, Alu Tubos",6.30,0,6.30,https://selected-cigars.com/en/h-upmann-coronas-minor
"H. Upmann - Coronas Minor 25pcs, Alu Tubos",148.20,-3%,152.78,https://selected-cigars.com/en/h-upmann-coronas-minor
Quintero - Favoritos 1 piece,3.20,0,3.20,https://selected-cigars.com/en/quintero-favoritos
Quintero - Favoritos A/T  1x Tubo,3.90,0,3.90,https://selected-cigars.com/en/quintero-favoritos
Quintero - Favoritos A/T  3x Pack,11.70,0,11.70,https://selected-cigars.com/en/quintero-favoritos
Quintero - Favoritos 5pcs,15.05,-3%,15.52,https://selected-cigars.com/en/quintero-favoritos
"Quintero - Favoritos 25pcs, wooden Box",75.27,-3%,77.60,https://selected-cigars.com/en/quintero-favoritos
Cuaba - Exclusivos 1 piece,11.10,0,11.10,https://selected-cigars.com/en/cuaba-exclusivos
"Cuaba - Exclusivos 25pcs, wooden Box",261.10,-3%,269.18,https://selected-cigars.com/en/cuaba-exclusivos
Montecristo - Medias Coronas 1pc,6.50,0,6.50,https://selected-cigars.com/en/montecristo-medias-coronas
Montecristo - Medias Coronas 5pc metal box,36.70,-3%,37.83,https://selected-cigars.com/en/montecristo-medias-coronas
Montecristo - Medias Coronas 25 box,152.90,-3%,157.63,https://selected-cigars.com/en/montecristo-medias-coronas
"Vegas Robaina - Unicos 25pcs, wooden Box",348.13,-3%,358.90,https://selected-cigars.com/en/vegas-robaina-unicos
Punch  - Short de Punch 10 pcs box/ 1 Box per Customer,101.62,-3%,104.76,https://selected-cigars.com/en/punch-short-de-punch
Jose La Piedra - Conservas 1 piece,2.40,0,2.40,https://selected-cigars.com/en/jose-la-piedra-conservas
Jose La Piedra - Conservas 5pcs,11.29,-3%,11.64,https://selected-cigars.com/en/jose-la-piedra-conservas
Jose La Piedra - Conservas 25pcs,56.45,-3%,58.20,https://selected-cigars.com/en/jose-la-piedra-conservas
San Cristobal - La Fuerza 1 piece,13.20,0,13.20,https://selected-cigars.com/en/san-cristobal-la-fuerza-2376
San Cristobal - La Fuerza 25pcs,310.50,-3%,320.10,https://selected-cigars.com/en/san-cristobal-la-fuerza-2376
Juan López - Selección No. 1 1 piece,10.90,0,10.90,https://selected-cigars.com/en/juan-lopez-seleccion-no-1
"Juan López - Selección No. 1 25pcs, wooden Box",256.40,-3%,264.33,https://selected-cigars.com/en/juan-lopez-seleccion-no-1
"Punch - Petit Coronations 1 piece, Alu Tubos",6.20,0,6.20,https://selected-cigars.com/en/punch-petit-coronations
"Punch - Petit Coronations 25pcs, Alu Tubos",145.84,-3%,150.35,https://selected-cigars.com/en/punch-petit-coronations
Sancho Panza - Non Plus 1 piece,7.40,0,7.40,https://selected-cigars.com/en/sancho-panza-non-plus
"Sancho Panza - Non Plus 25pcs, wooden Box",174.07,-3%,179.45,https://selected-cigars.com/en/sancho-panza-non-plus
"H. Upmann - Coronas Major 1 piece,  Alu Tubos",6.70,0,6.70,https://selected-cigars.com/en/h-upmann-coronas-major
"H. Upmann - Coronas Major 25pcs, Alu Tubos",157.61,-3%,162.48,https://selected-cigars.com/en/h-upmann-coronas-major
Montecristo - OPEN Master 1 piece,12.30,0,12.30,https://selected-cigars.com/en/montecristo-open-master
"Montecristo - OPEN Master 1 piece, Alu Tubos",13.30,0,13.30,https://selected-cigars.com/en/montecristo-open-master
"Montecristo - OPEN Master 3pcs, Alu Tubos",37.54,-3%,38.70,https://selected-cigars.com/en/montecristo-open-master
"Montecristo - OPEN Master 20pcs, wooden Box",231.46,-3%,238.62,https://selected-cigars.com/en/montecristo-open-master
Partagás - Super Partagás 1 piece,5.20,0,5.20,https://selected-cigars.com/en/partagas-super-partagas
"Partagás - Super Partagás 25pcs, wooden Box",122.32,-3%,126.10,https://selected-cigars.com/en/partagas-super-partagas
Cohiba - LINEA 1492 Siglo I 1pc *** 5pcs per customer ***,12.00,0,12.00,https://selected-cigars.com/en/cohiba-linea-1492-siglo-i
Cohiba - LINEA 1492 Siglo I A/T 1pc,13.20,0,13.20,https://selected-cigars.com/en/cohiba-linea-1492-siglo-i
Cohiba - LINEA 1492 Siglo I A/T 3pcs,37.26,-3%,38.41,https://selected-cigars.com/en/cohiba-linea-1492-siglo-i
"Cohiba - LINEA 1492 Siglo I 25pcs, wooden Box *** 1 Box per customer ***",282.27,-3%,291.00,https://selected-cigars.com/en/cohiba-linea-1492-siglo-i
Romeo y Julieta - Coronitas en Cedro 1 piece,4.80,0,4.80,https://selected-cigars.com/en/romeo-y-julieta-coronitas-en-cedro
"Romeo y Julieta - Coronitas en Cedro 25pcs, wooden box",112.91,-3%,116.40,https://selected-cigars.com/en/romeo-y-julieta-coronitas-en-cedro
Romeo y Julieta - Petit Churchills 1 piece,9.80,0,9.80,https://selected-cigars.com/en/romeo-y-julieta-petit-churchills
"Romeo y Julieta - Petit Churchills 1 piece, Alu Tubo",10.90,0,10.90,https://selected-cigars.com/en/romeo-y-julieta-petit-churchills
"Romeo y Julieta - Petit Churchills 3pcs, Alu Tubo",30.77,-3%,31.72,https://selected-cigars.com/en/romeo-y-julieta-petit-churchills
"Romeo y Julieta - Petit Churchills 25pcs, wooden Box",230.52,-3%,237.65,https://selected-cigars.com/en/romeo-y-julieta-petit-churchills
QUAI D´ORSAY NO.50 - 1PC,8.40,0,8.40,https://selected-cigars.com/en/quai-d-orday-no-50
"Romeo y Julieta - Romeo No. 2 1 piece, Alu Tubos",6.90,0,6.90,https://selected-cigars.com/en/romeo-y-julieta-romeo-no-2
"Romeo y Julieta - Romeo No. 2 3pcs, Alu Tubos",19.48,-3%,20.08,https://selected-cigars.com/en/romeo-y-julieta-romeo-no-2
"Romeo y Julieta - Romeo No. 2 5pcs, Alu Tubos",32.47,-3%,33.47,https://selected-cigars.com/en/romeo-y-julieta-romeo-no-2
"Romeo y Julieta - Romeo No. 2 10pcs, Alu Tubos",64.92,-3%,66.93,https://selected-cigars.com/en/romeo-y-julieta-romeo-no-2
"Romeo y Julieta - Romeo No. 2 25pcs, Alu Tubos",162.31,-3%,167.33,https://selected-cigars.com/en/romeo-y-julieta-romeo-no-2
Montecristo - Joyitas 1 piece,6.70,0,6.70,https://selected-cigars.com/en/montecristo-joyitas
"Montecristo - Joyitas 25pcs, wooden Box",157.61,-3%,162.48,https://selected-cigars.com/en/montecristo-joyitas
Jose La Piedra - Cremas 1 piece,1.95,0,1.95,https://selected-cigars.com/en/jose-la-piedra-cremas
Vegueros - Entretiempos 1pc,7.50,0,7.50,https://selected-cigars.com/en/vegueros-entretiempos
Vegueros - Entretiempos 4pcs box,28.23,-3%,29.10,https://selected-cigars.com/en/vegueros-entretiempos
Cohiba - LINEA CLASICA Exquisitos 1 piece,15.00,0,15.00,https://selected-cigars.com/en/cohiba-linea-clasica-exquisitos
Cohiba - LINEA CLASICA Exquisitos 5pcs Box,70.57,-3%,72.75,https://selected-cigars.com/en/cohiba-linea-clasica-exquisitos
"Partagás - Coronas Junior 1 piece, Alu Tubos",6.40,0,6.40,https://selected-cigars.com/en/partagas-coronas-junior
"Partagás - Coronas Junior 25pcs, Alu Tubos",150.54,-3%,155.20,https://selected-cigars.com/en/partagas-coronas-junior
Cohiba - LINEA CLASICA Panetelas 1 piece,12.50,0,12.50,https://selected-cigars.com/en/cohiba-linea-clasica-panetelas
Cohiba - LINEA CLASICA Panetelas 5pcs Box,58.81,-3%,60.63,https://selected-cigars.com/en/cohiba-linea-clasica-panetelas
"Cohiba - LINEA CLASICA Panetelas 25pcs, wooden Box",294.04,-3%,303.13,https://selected-cigars.com/en/cohiba-linea-clasica-panetelas
Romeo y Julieta - Belicosos 1 piece,13.10,0,13.10,https://selected-cigars.com/en/romeo-y-julieta-belicosos
"Romeo y Julieta - Belicosos 25pcs, wooden Box",308.15,-3%,317.68,https://selected-cigars.com/en/romeo-y-julieta-belicosos
Partagás - Serie D No. 5 1 piece,10.00,0,10.00,https://selected-cigars.com/en/partagas-serie-d-no-5
"Partagás - Serie D No. 5 1 piece, Alu Tubo",11.30,0,11.30,https://selected-cigars.com/en/partagas-serie-d-no-5
"Partagás - Serie D No. 5 10pcs, wooden Box",94.09,-3%,97.00,https://selected-cigars.com/en/partagas-serie-d-no-5
"Partagás - Serie D No. 5 25pcs, wooden Box",235.22,-3%,242.50,https://selected-cigars.com/en/partagas-serie-d-no-5
Jose La Piedra - Brevas 1 piece,2.20,0,2.20,https://selected-cigars.com/en/jose-la-piedra-brevas
Jose La Piedra - Brevas 5pcs,10.35,-3%,10.67,https://selected-cigars.com/en/jose-la-piedra-brevas
Jose La Piedra - Brevas 25pcs,51.75,-3%,53.35,https://selected-cigars.com/en/jose-la-piedra-brevas
San Cristobal - El Principe 1 piece,7.00,0,7.00,https://selected-cigars.com/en/san-cristobal-el-principe-2371
San Cristobal - El Principe 25pcs,164.66,-3%,169.75,https://selected-cigars.com/en/san-cristobal-el-principe-2371
Partagás - Aristocrats 1 piece,5.00,0,5.00,https://selected-cigars.com/en/partagas-aristocrats
"Partagás - Aristocrats 25pcs, wooden Box",117.61,-3%,121.25,https://selected-cigars.com/en/partagas-aristocrats
Bolívar - Tubos No. 3 A/T 1pc,6.90,0,6.90,https://selected-cigars.com/en/bolivar-tubos-no-3
Bolívar - Tubos No. 3 A/T 25pcs Box,162.31,-3%,167.33,https://selected-cigars.com/en/bolivar-tubos-no-3
Montecristo - OPEN Junior 1 piece,7.30,0,7.30,https://selected-cigars.com/en/montecristo-open-junior
"Montecristo - OPEN Junior 1 piece, Alu Tubos",8.50,0,8.50,https://selected-cigars.com/en/montecristo-open-junior
"Montecristo - OPEN Junior 20pcs, wooden Box",137.37,-3%,141.62,https://selected-cigars.com/en/montecristo-open-junior
Trinidad - Reyes 1 piece,8.60,0,8.60,https://selected-cigars.com/en/trinidad-reyes
"Trinidad - Reyes 12pcs, wooden Box",97.10,-3%,100.10,https://selected-cigars.com/en/trinidad-reyes
"Trinidad - Reyes 24pcs, wooden Box",194.20,-3%,200.21,https://selected-cigars.com/en/trinidad-reyes
Trinidad - Reyes 5pcs Box,39.05,-3%,40.26,https://selected-cigars.com/en/trinidad-reyes
Partagas Serie D No. 6 - 1 piece,8.30,0,8.30,https://selected-cigars.com/en/partagas-serie-d-no-6
Partagas Serie D No. 6 - 5pcs,39.05,-3%,40.26,https://selected-cigars.com/en/partagas-serie-d-no-6
Partagas Serie D No. 6 - 20pcs,156.19,-3%,161.02,https://selected-cigars.com/en/partagas-serie-d-no-6
Romeo y Julieta - Churchills 1 piece,16.50,0,16.50,https://selected-cigars.com/en/romeo-y-julieta-churchills
"Romeo y Julieta - Churchills 1 piece, Alu Tubos",18.80,0,18.80,https://selected-cigars.com/en/romeo-y-julieta-churchills
"Romeo y Julieta - Churchills 3pcs, Alu Tubos",53.07,-3%,54.71,https://selected-cigars.com/en/romeo-y-julieta-churchills
"Romeo y Julieta - Churchills 25pcs, wooden Box",388.13,-3%,400.13,https://selected-cigars.com/en/romeo-y-julieta-churchills
"Romeo y Julieta - Churchills 25pcs, Alu Tubos",442.22,-3%,455.90,https://selected-cigars.com/en/romeo-y-julieta-churchills
San Cristobal - La Punta 1 piece,12.40,0,12.40,https://selected-cigars.com/en/san-cristobal-la-punta-2379
San Cristobal - La Punta 25pcs,291.68,-3%,300.70,https://selected-cigars.com/en/san-cristobal-la-punta-2379
Cohiba - LINEA 1492 Siglo II 1pc,15.60,0,15.60,https://selected-cigars.com/en/cohiba-linea-1492-siglo-ii
"Cohiba - LINEA 1492 Siglo II 25pcs, wooden Box",366.95,-3%,378.30,https://selected-cigars.com/en/cohiba-linea-1492-siglo-ii
Romeo y Julieta - Mille Fleurs 1 piece,4.60,0,4.60,https://selected-cigars.com/en/romeo-y-julieta-mille-fleurs
"Romeo y Julieta - Mille Fleurs 10pcs, wooden Box",43.28,-3%,44.62,https://selected-cigars.com/en/romeo-y-julieta-mille-fleurs
"Romeo y Julieta - Mille Fleurs 25pcs, wooden Box",108.20,-3%,111.55,https://selected-cigars.com/en/romeo-y-julieta-mille-fleurs
Cohiba - LINEA CLASICA Coronas Especiales 1 piece *** 5pcs / Customer ***,22.00,0,22.00,https://selected-cigars.com/en/cohiba-linea-clasica-coronas-especiales
"Cohiba - LINEA CLASICA Coronas Especiales 25pcs, wooden Box *** 1 Box per customer ***",517.50,-3%,533.50,https://selected-cigars.com/en/cohiba-linea-clasica-coronas-especiales
Diplomaticos No.2 - 1pc,12.30,0,12.30,https://selected-cigars.com/en/diplomaticos-no-2
Por Larrañaga Picadores 1 piece,8.80,0,8.80,https://selected-cigars.com/en/por-larra-aga-picadores
"Por Larrañaga Picadores – 25pcs, wooden Box",207.00,-3%,213.40,https://selected-cigars.com/en/por-larra-aga-picadores
H. Upmann - Upmann No. 2 1 piece,13.40,0,13.40,https://selected-cigars.com/en/h-upmann-upmann-no-2
"H. Upmann - Upmann No. 2 25pcs, wooden Box",315.20,-3%,324.95,https://selected-cigars.com/en/h-upmann-upmann-no-2
Partagás - Mille Fleurs 1 piece,5.20,0,5.20,https://selected-cigars.com/en/partagas-mille-fleurs
Partagás - Mille Fleurs 5pcs Box,24.46,-3%,25.22,https://selected-cigars.com/en/partagas-mille-fleurs
"Partagás - Mille Fleurs 10pcs, wooden Box",48.93,-3%,50.44,https://selected-cigars.com/en/partagas-mille-fleurs
"Partagás - Mille Fleurs 25pcs, wooden Box",122.32,-3%,126.10,https://selected-cigars.com/en/partagas-mille-fleurs
H. UPMANN MAGNUM 54 - 1 pc,12.80,0,12.80,https://selected-cigars.com/en/h-upmann-magnum-54
H. UPMANN MAGNUM 54 - 1 pc,14.40,0,14.40,https://selected-cigars.com/en/h-upmann-magnum-54
H. UPMANN MAGNUM 54 - 10 pcs/box,120.44,-3%,124.16,https://selected-cigars.com/en/h-upmann-magnum-54
H. UPMANN MAGNUM 54 - 25pcs/box,301.09,-3%,310.40,https://selected-cigars.com/en/h-upmann-magnum-54
H. Upmann Connossieur A – exclusiv for La Casa del Habano,14.30,0,14.30,https://selected-cigars.com/en/h-upmann-connossieur-a-exklusiv-fuer-lcdh
"H. Upmann Connossieur A – exclusiv for La Casa del Habano 25pcs, wooden Box",336.38,-3%,346.78,https://selected-cigars.com/en/h-upmann-connossieur-a-exklusiv-fuer-lcdh
Montecristo - Edmundos 1 piece,13.70,0,13.70,https://selected-cigars.com/en/montecristo-edmundos
Montecristo - Edmundos A/T 1 piece,14.90,0,14.90,https://selected-cigars.com/en/montecristo-edmundos
Montecristo - Edmundos 3pcs Box,38.67,-3%,39.87,https://selected-cigars.com/en/montecristo-edmundos
Montecristo - Edmundos A/T 3pcs,42.06,-3%,43.36,https://selected-cigars.com/en/montecristo-edmundos
"Montecristo - Edmundos 25pcs, wooden Box",322.26,-3%,332.23,https://selected-cigars.com/en/montecristo-edmundos
H. Upmann - Magnum 50 1 piece,14.80,0,14.80,https://selected-cigars.com/en/h-upmann-magnum-50
"H. Upmann - Magnum 50 10pcs, wooden Box",139.25,-3%,143.56,https://selected-cigars.com/en/h-upmann-magnum-50
"H. Upmann - Magnum 50 25pcs, wooden Box",348.13,-3%,358.90,https://selected-cigars.com/en/h-upmann-magnum-50
Bolívar - Royal Coronas 1pc,10.80,0,10.80,https://selected-cigars.com/en/bolivar-royal-coronas
Bolívar - Royal Coronas A/T 1pc,11.90,0,11.90,https://selected-cigars.com/en/bolivar-royal-coronas
Bolívar - Royal Coronas A/T 10pcs,111.97,-3%,115.43,https://selected-cigars.com/en/bolivar-royal-coronas
"Bolívar - Royal Coronas 25pcs, wooden Box",254.04,-3%,261.90,https://selected-cigars.com/en/bolivar-royal-coronas
Fonseca - No. 1 1 piece,8.20,0,8.20,https://selected-cigars.com/en/fonseca-no-1
"Fonseca - No. 1 25pcs, wooden Box",192.88,-3%,198.85,https://selected-cigars.com/en/fonseca-no-1
Ramón Allones - Gigantes 1 piece,17.20,0,17.20,https://selected-cigars.com/en/ramon-allones-gigantes
"Ramón Allones - Gigantes 25pcs, wooden Box",404.59,-3%,417.10,https://selected-cigars.com/en/ramon-allones-gigantes
Punch - Punch 1 piece,11.90,0,11.90,https://selected-cigars.com/en/punch-punch
"Punch - Punch 25pcs, wooden Box",279.92,-3%,288.58,https://selected-cigars.com/en/punch-punch
"ROMEO Y JULIETA CEDROS DE LUXE - Exklusiv for La Casa del Habano, 1 piece",14.20,0,14.20,https://selected-cigars.com/en/romeo-y-julieta-cedros-de-luxe-exklusiv-fuer-la-casa-del-habano
ROMEO Y JULIETA CEDROS DE LUXE - Exklusiv for La Casa del Habano - 10pcs wooden Box,133.61,-3%,137.74,https://selected-cigars.com/en/romeo-y-julieta-cedros-de-luxe-exklusiv-fuer-la-casa-del-habano
H. Upmann - Half Corona 1 piece,4.40,0,4.40,https://selected-cigars.com/en/h-upmann-half-corona
"H. Upmann - Half Corona 5 pieces, sheet metal crate",24.46,-3%,25.22,https://selected-cigars.com/en/h-upmann-half-corona
"H. Upmann - Half Corona 25pcs,wooden Box",103.50,-3%,106.70,https://selected-cigars.com/en/h-upmann-half-corona
Partagás - Serie D No. 4 1 piece,11.30,0,11.30,https://selected-cigars.com/en/partagas-serie-d-no-4
"Partagás - Serie D No. 4 1 piece, Alu Tubo",12.50,0,12.50,https://selected-cigars.com/en/partagas-serie-d-no-4
"Partagás - Serie D No. 4 3pcs, Alu Tubo",35.29,-3%,36.38,https://selected-cigars.com/en/partagas-serie-d-no-4
"Partagás - Serie D No. 4 10pcs, wooden Box",106.32,-3%,109.61,https://selected-cigars.com/en/partagas-serie-d-no-4
"Partagás - Serie D No. 4 25pcs, wooden Box",265.81,-3%,274.03,https://selected-cigars.com/en/partagas-serie-d-no-4
Ramon Allones Allones Superiores exklusiv for LCDH - 1 pc,9.80,0,9.80,https://selected-cigars.com/en/ramon-allones-allones-superiores-exklusiv-fuer-lcdh
Ramon Allones Allones Superiores exklusiv for LCDH - 10pcs,92.21,-3%,95.06,https://selected-cigars.com/en/ramon-allones-allones-superiores-exklusiv-fuer-lcdh
Cohiba - LINEA CLASICA Robustos 1 piece,22.90,0,22.90,https://selected-cigars.com/en/cohiba-linea-clasica-robustos
Cohiba Robusto AT 1 piece,26.00,0,26.00,https://selected-cigars.com/en/cohiba-linea-clasica-robustos
Romeo y Julieta - Wide Churchills 1 piece,12.40,0,12.40,https://selected-cigars.com/en/romeo-y-julieta-wide-churchills
"Romeo y Julieta - Wide Churchills 1 piece, Alu Tubo",13.60,0,13.60,https://selected-cigars.com/en/romeo-y-julieta-wide-churchills
"Romeo y Julieta - Wide Churchills 3pcs, Alu Tubo",38.39,-3%,39.58,https://selected-cigars.com/en/romeo-y-julieta-wide-churchills
"Romeo y Julieta - Wide Churchills 25pcs, wooden Box",291.68,-3%,300.70,https://selected-cigars.com/en/romeo-y-julieta-wide-churchills
Partagás - Serie P No. 2 1 piece,13.60,0,13.60,https://selected-cigars.com/en/partagas-serie-p-no-2
"Partagás - Serie P No. 2 1 piece, Alu Tubo",14.80,0,14.80,https://selected-cigars.com/en/partagas-serie-p-no-2
"Partagás - Serie P No. 2 3pcs, Alu Tubo",41.78,-3%,43.07,https://selected-cigars.com/en/partagas-serie-p-no-2
"Partagás - Serie P No. 2 10pcs, wooden Box",127.96,-3%,131.92,https://selected-cigars.com/en/partagas-serie-p-no-2
"Partagás - Serie P No. 2 25pcs, wooden Box",319.91,-3%,329.80,https://selected-cigars.com/en/partagas-serie-p-no-2
Jose La Piedra - Petit Cazadores 1 piece,1.80,0,1.80,https://selected-cigars.com/en/jose-la-piedra-petit-cazadores
Jose La Piedra - Petit Cazadores 5pcs,8.47,-3%,8.73,https://selected-cigars.com/en/jose-la-piedra-petit-cazadores
Jose La Piedra - Petit Cazadores 25pcs,42.34,-3%,43.65,https://selected-cigars.com/en/jose-la-piedra-petit-cazadores
HOYO DE MONTERREY LE HOYO DE RIO SECO 1 PC,15.40,0,15.40,https://selected-cigars.com/en/hoyo-de-monterrey-le-hoyo-de-rio-seco
HOYO DE MONTERREY LE HOYO DE RIO SECO 25 pcs Box/ 1 Box per Customer,362.25,-3%,373.45,https://selected-cigars.com/en/hoyo-de-monterrey-le-hoyo-de-rio-seco
Montecristo - No. 2 1 piece,15.40,0,15.40,https://selected-cigars.com/en/montecristo-no-2
"Montecristo - No. 2 10pcs, wooden Box",144.90,-3%,149.38,https://selected-cigars.com/en/montecristo-no-2
"Montecristo - No. 2 25pcs, wooden Box",362.25,-3%,373.45,https://selected-cigars.com/en/montecristo-no-2
Hoyo de Monterrey - Epicure Especial 1 piece,13.30,0,13.30,https://selected-cigars.com/en/hoyo-de-monterrey-epicure-especial
"Hoyo de Monterrey - Epicure Especial 1 piece, Alu Tubo",14.30,0,14.30,https://selected-cigars.com/en/hoyo-de-monterrey-epicure-especial
"Hoyo de Monterrey - Epicure Especial 3pcs, Alu Tubo",40.36,-3%,41.61,https://selected-cigars.com/en/hoyo-de-monterrey-epicure-especial
"Hoyo de Monterrey - Epicure Especial 10pcs, wooden Box",125.14,-3%,129.01,https://selected-cigars.com/en/hoyo-de-monterrey-epicure-especial
"Hoyo de Monterrey - Epicure Especial 25pcs, wooden Box",312.85,-3%,322.53,https://selected-cigars.com/en/hoyo-de-monterrey-epicure-especial
Trinidad - Coloniales 1 piece,12.80,0,12.80,https://selected-cigars.com/en/trinidad-coloniales
"Trinidad - Coloniales 24pcs, wooden Box",289.04,-3%,297.98,https://selected-cigars.com/en/trinidad-coloniales
Ramón Allones - Specially Selected 1 piece,10.00,0,10.00,https://selected-cigars.com/en/ramon-allones-specially-selected
"Ramón Allones - Specially Selected 50pcs, wooden Box",470.45,-3%,485.00,https://selected-cigars.com/en/ramon-allones-specially-selected
"Ramón Allones - Specially Selected 25pcs, wooden Box",235.22,-3%,242.50,https://selected-cigars.com/en/ramon-allones-specially-selected
Hoyo de Monterrey - Epicure No. 2 1 piece,11.20,0,11.20,https://selected-cigars.com/en/hoyo-de-monterrey-epicure-no-2
"Hoyo de Monterrey - Epicure No. 2 1 piece, Alu Tubo",12.60,0,12.60,https://selected-cigars.com/en/hoyo-de-monterrey-epicure-no-2
Hoyo de Monterrey - Epicure No. 2 3pcs,31.61,-3%,32.59,https://selected-cigars.com/en/hoyo-de-monterrey-epicure-no-2
"Hoyo de Monterrey - Epicure No. 2 3pcs, Alu Tubo",35.57,-3%,36.67,https://selected-cigars.com/en/hoyo-de-monterrey-epicure-no-2
"Hoyo de Monterrey - Epicure No. 2 25pcs, wooden Box",263.45,-3%,271.60,https://selected-cigars.com/en/hoyo-de-monterrey-epicure-no-2
"Hoyo de Monterrey - Epicure No. 2 50pcs, wooden Box",526.90,-3%,543.20,https://selected-cigars.com/en/hoyo-de-monterrey-epicure-no-2
Por Larrañaga - Petit Coronas 1 piece,6.90,0,6.90,https://selected-cigars.com/en/por-larra-aga-petit-coronas
"Por Larrañaga - Petit Coronas 50pcs, wooden Box",324.61,-3%,334.65,https://selected-cigars.com/en/por-larra-aga-petit-coronas
Partagás - Lusitanias 1 piece,19.30,0,19.30,https://selected-cigars.com/en/catalog/product/view/id/1274/s/partagas-lusitanias/category/107/
"Partagás - Lusitanias 10pcs, wooden Box",181.59,-3%,187.21,https://selected-cigars.com/en/catalog/product/view/id/1274/s/partagas-lusitanias/category/107/
"Partagás - Lusitanias 25pcs, wooden Box",453.99,-3%,468.03,https://selected-cigars.com/en/catalog/product/view/id/1274/s/partagas-lusitanias/category/107/
"Partagás - Lusitanias 50pcs, wooden Box",907.97,-3%,936.05,https://selected-cigars.com/en/catalog/product/view/id/1274/s/partagas-lusitanias/category/107/
Jose La Piedra - Cazadores 1 piece,2.40,0,2.40,https://selected-cigars.com/en/jose-la-piedra-cazadores
Jose La Piedra - Cazadores 5pcs,11.29,-3%,11.64,https://selected-cigars.com/en/jose-la-piedra-cazadores
Jose La Piedra - Cazadores 25pcs,56.45,-3%,58.20,https://selected-cigars.com/en/jose-la-piedra-cazadores
Montecristo - No. 4 1 piece,9.00,0,9.00,https://selected-cigars.com/en/montecristo-no-4
Montecristo - No. 4 3pcs Box,25.40,-3%,26.19,https://selected-cigars.com/en/montecristo-no-4
Montecristo - No. 4 5pcs Box,42.34,-3%,43.65,https://selected-cigars.com/en/montecristo-no-4
"Montecristo - No. 4 10pcs, wooden Box",84.68,-3%,87.30,https://selected-cigars.com/en/montecristo-no-4
"Montecristo - No. 4 25pcs, wooden Box",211.70,-3%,218.25,https://selected-cigars.com/en/montecristo-no-4
Trinidad Vigía Alu Tubo 1 piece,15.60,0,15.60,https://selected-cigars.com/en/trinidad-vigia
Trinidad Vigía Alu Tubo 3pcs,44.04,-3%,45.40,https://selected-cigars.com/en/trinidad-vigia
Rafael González - Perlas 1 piece,4.60,0,4.60,https://selected-cigars.com/en/rafael-gonzalez-perlas
"Rafael González - Perlas 25pcs, wooden Box",108.20,-3%,111.55,https://selected-cigars.com/en/rafael-gonzalez-perlas
Hoyo de Monterrey San Juan 1Pc,15.80,0,15.80,https://selected-cigars.com/en/hoyo-de-monterrey-san-juan-2749
Hoyo de Monterrey San Juan AT 1pc,17.10,0,17.10,https://selected-cigars.com/en/hoyo-de-monterrey-san-juan-2749
Hoyo de Monterrey San Juan AT 3pcs,48.27,-3%,49.76,https://selected-cigars.com/en/hoyo-de-monterrey-san-juan-2749
"Hoyo de Monterrey San Juan 10pcs, wooden Box",148.66,-3%,153.26,https://selected-cigars.com/en/hoyo-de-monterrey-san-juan-2749
"Hoyo de Monterrey San Juan 25pcs, wooden Box",371.66,-3%,383.15,https://selected-cigars.com/en/hoyo-de-monterrey-san-juan-2749
QUINTERO TUBULARES - 1 piece,3.60,0,3.60,https://selected-cigars.com/en/quintero-tubulares
QUINTERO TUBULARES - 3pcs,10.17,-3%,10.48,https://selected-cigars.com/en/quintero-tubulares
Romeo y Julieta - Belvederes 1 piece,4.50,0,4.50,https://selected-cigars.com/en/romeo-y-julieta-belvederes
"Romeo y Julieta - Belvederes 25pcs, wooden Box",105.86,-3%,109.13,https://selected-cigars.com/en/romeo-y-julieta-belvederes
Fonseca - Cosacos 1 piece,6.40,0,6.40,https://selected-cigars.com/en/fonseca-cosacos
"Fonseca - Cosacos 25 pcs, wooden Box",150.54,-3%,155.20,https://selected-cigars.com/en/fonseca-cosacos
"Romeo y Julieta - Julieta 5pcs, sheet metal crate",29.17,-3%,30.07,https://selected-cigars.com/en/romeo-y-julieta-julieta
ROMEO Y JULIETA PETIT ROYALES - 1 PC,8.10,0,8.10,https://selected-cigars.com/en/romeo-y-julieta-petit-royales
ROMEO Y JULIETA PETIT ROYALES TUBO - 1 PC,9.90,0,9.90,https://selected-cigars.com/en/romeo-y-julieta-petit-royales
ROMEO Y JULIETA PETIT ROYALES - 25 PCS,190.54,-3%,196.43,https://selected-cigars.com/en/romeo-y-julieta-petit-royales
Hoyo de Monterrey - Hoyo du Depute 1 piece,6.90,0,6.90,https://selected-cigars.com/en/hoyo-de-monterrey-hoyo-du-depute
"Hoyo de Monterrey - Hoyo du Depute 25pcs, wooden Box",162.31,-3%,167.33,https://selected-cigars.com/en/hoyo-de-monterrey-hoyo-du-depute
Romeo y Julieta - Sport Largos 1 piece,4.00,0,4.00,https://selected-cigars.com/en/romeo-y-julieta-sport-largos
"Romeo y Julieta - Sport Largos 25pcs, wooden Box",94.09,-3%,97.00,https://selected-cigars.com/en/romeo-y-julieta-sport-largos
Romeo y Julieta - Cedros de Luxe No. 2 1 piece,10.50,0,10.50,https://selected-cigars.com/en/romeo-y-julieta-cedros-de-luxe-no-2
"Romeo y Julieta - Cedros de Luxe No. 2 25pcs, wooden Box",246.52,-3%,254.14,https://selected-cigars.com/en/romeo-y-julieta-cedros-de-luxe-no-2
Romeo y Julieta - Petit Julietas 1 piece,5.10,0,5.10,https://selected-cigars.com/en/romeo-y-julieta-petit-julietas
Romeo y Julieta - Petit Julietas 5pcs Box,22.12,-3%,22.80,https://selected-cigars.com/en/romeo-y-julieta-petit-julietas
"Romeo y Julieta - Petit Julietas 25pcs, wooden Box",119.97,-3%,123.68,https://selected-cigars.com/en/romeo-y-julieta-petit-julietas
"Romeo y Julieta - Romeo No. 3 1 piece, Alu Tubos",6.50,0,6.50,https://selected-cigars.com/en/romeo-y-julieta-romeo-no-3
"Romeo y Julieta - Romeo No. 3 3pcs, Alu Tubos",18.35,-3%,18.92,https://selected-cigars.com/en/romeo-y-julieta-romeo-no-3
"Romeo y Julieta - Romeo No. 3 10pcs, Alu Tubos",61.16,-3%,63.05,https://selected-cigars.com/en/romeo-y-julieta-romeo-no-3
"Romeo y Julieta - Romeo No. 3 25pcs,Alu Tubos",152.90,-3%,157.63,https://selected-cigars.com/en/romeo-y-julieta-romeo-no-3
Bolívar - Tubos No. 2 A/T 1pc,9.70,0,9.70,https://selected-cigars.com/en/bolivar-tubos-no-2
Bolívar - Tubos No. 2 A/T 25pcs Box,228.17,-3%,235.23,https://selected-cigars.com/en/bolivar-tubos-no-2
"Montecristo - Petit 1 piece, Alu Tubos",10.40,0,10.40,https://selected-cigars.com/en/montecristo-petit-alu-tubo
"Montecristo - Petit 3pcs, Alu Tubos",31.05,-3%,32.01,https://selected-cigars.com/en/montecristo-petit-alu-tubo
"Montecristo - Petit 5pcs, Alu Tubos",48.93,-3%,50.44,https://selected-cigars.com/en/montecristo-petit-alu-tubo
"Montecristo - Petit 25pcs, Alu Tubos",244.63,-3%,252.20,https://selected-cigars.com/en/montecristo-petit-alu-tubo
Quintero - Brevas 1 piece,2.70,0,2.70,https://selected-cigars.com/en/quintero-brevas
"Quintero - Brevas 25pcs, wooden Box",63.52,-3%,65.48,https://selected-cigars.com/en/quintero-brevas
Romeo y Julieta - Cedros de Luxe No. 3 1 piece,8.50,0,8.50,https://selected-cigars.com/en/romeo-y-julieta-cedros-de-luxe-no-3
"Romeo y Julieta - Cedros de Luxe No. 3 25pcs, wooden Box",199.95,-3%,206.13,https://selected-cigars.com/en/romeo-y-julieta-cedros-de-luxe-no-3
Quintero - Londres Extra 1 piece,3.00,0,3.00,https://selected-cigars.com/en/quintero-londres-extra
Quintero - Londres Extra 25pcs box,70.57,-3%,72.75,https://selected-cigars.com/en/quintero-londres-extra
Quintero - Panetelas 1 piece,2.50,0,2.50,https://selected-cigars.com/en/quintero-panetelas
"Quintero - Panetelas 25pcs, wooden Box",58.81,-3%,60.63,https://selected-cigars.com/en/quintero-panetelas
Guantanamera - Decimos 1 piece,1.65,0,1.65,https://selected-cigars.com/en/guantanamera-decimos
Guantanamera - Decimos 5pcs,8.00,-3%,8.25,https://selected-cigars.com/en/guantanamera-decimos
Guantanamera - Decimos 10pcs,16.00,-3%,16.49,https://selected-cigars.com/en/guantanamera-decimos
Guantanamera - Decimos 25pcs,38.81,-3%,40.01,https://selected-cigars.com/en/guantanamera-decimos
"Romeo y Julieta - Romeo No. 1 1 piece, Alu Tubos",7.40,0,7.40,https://selected-cigars.com/en/romeo-y-julieta-romeo-no-1
"Romeo y Julieta - Romeo No. 1 3pcs, Alu Tubos",21.08,-3%,21.73,https://selected-cigars.com/en/romeo-y-julieta-romeo-no-1
"Romeo y Julieta - Romeo No. 1 10pcs, Alu Tubos",69.63,-3%,71.78,https://selected-cigars.com/en/romeo-y-julieta-romeo-no-1
"Romeo y Julieta - Romeo No. 1 25pcs, Alu Tubos",174.07,-3%,179.45,https://selected-cigars.com/en/romeo-y-julieta-romeo-no-1
Montecristo - No. 3 1 piece,11.60,0,11.60,https://selected-cigars.com/en/montecristo-no-3
Montecristo - No. 3 5pcs  Box,54.57,-3%,56.26,https://selected-cigars.com/en/montecristo-no-3
"Montecristo - No. 3 25pcs, wooden Box",272.86,-3%,281.30,https://selected-cigars.com/en/montecristo-no-3
Hoyo de Monterrey - Epicure No. 1 1 piece,12.20,0,12.20,https://selected-cigars.com/en/hoyo-de-monterrey-epicure-no-1
"Hoyo de Monterrey - Epicure No. 1 25pcs, wooden Box",286.97,-3%,295.85,https://selected-cigars.com/en/hoyo-de-monterrey-epicure-no-1
Partagás - Petit Coronas Especiales 1 piece,5.20,0,5.20,https://selected-cigars.com/en/partagas-petit-coronas-especiales
"Partagás - Petit Coronas Especiales 25pcs, wooden Box",122.32,-3%,126.10,https://selected-cigars.com/en/partagas-petit-coronas-especiales
Quintero - Petit Quinteros 1 piece,2.30,0,2.30,https://selected-cigars.com/en/quintero-petit-quinteros
Quintero - Petit Quinteros 25pcs Box,54.11,-3%,55.78,https://selected-cigars.com/en/quintero-petit-quinteros
Vegueros - Tapados 1pc,6.60,0,6.60,https://selected-cigars.com/en/vegueros-tapados
Vegueros - Tapados 4 box,24.84,-3%,25.61,https://selected-cigars.com/en/vegueros-tapados
Vegueros - Tapados 16 box,99.36,-3%,102.43,https://selected-cigars.com/en/vegueros-tapados
Romeo y Julieta - Exhibición No. 4 1 piece,10.90,0,10.90,https://selected-cigars.com/en/romeo-y-julieta-exhibicion-no-4
"Romeo y Julieta - Exhibición No. 4 25pcs, wooden Box",256.40,-3%,264.33,https://selected-cigars.com/en/romeo-y-julieta-exhibicion-no-4
Montecristo - OPEN Regata 1 piece,10.00,0,10.00,https://selected-cigars.com/en/montecristo-open-regata
"Montecristo - OPEN Regata 1 piece, Alu Tubos",11.20,0,11.20,https://selected-cigars.com/en/montecristo-open-regata
"Montecristo - OPEN Regata 20pcs, wooden Box",188.18,-3%,194.00,https://selected-cigars.com/en/montecristo-open-regata
"Partagás - Coronas Senior 1 piece,Alu Tubos",6.80,0,6.80,https://selected-cigars.com/en/partagas-coronas-senior
"Partagás - Coronas Senior 25 pcs, Alu Tubos",159.95,-3%,164.90,https://selected-cigars.com/en/partagas-coronas-senior
"Hoyo de Monterrey - Coronations 1piece, Alu Tubos",7.00,0,7.00,https://selected-cigars.com/en/hoyo-de-monterrey-coronations
"Hoyo de Monterrey - Coronations 3pcs, Alu Tubos",19.76,-3%,20.37,https://selected-cigars.com/en/hoyo-de-monterrey-coronations
"Hoyo de Monterrey - Coronations 25pcs, Alu Tubos",164.66,-3%,169.75,https://selected-cigars.com/en/hoyo-de-monterrey-coronations
"Partagás - Partagás de Luxe 1 piece, Alu Tubos",7.50,0,7.50,https://selected-cigars.com/en/partagas-partagas-de-luxe
"Partagás - Partagás de Luxe 10pcs, Alu Tubos",70.57,-3%,72.75,https://selected-cigars.com/en/partagas-partagas-de-luxe
"Partagás - Partagás de Luxe 25pcs, Alu Tubos",176.42,-3%,181.88,https://selected-cigars.com/en/partagas-partagas-de-luxe
Montecristo - No. 5 1 piece,7.30,0,7.30,https://selected-cigars.com/en/montecristo-no-5
Montecristo - No. 5 5pcs Box,34.35,-3%,35.41,https://selected-cigars.com/en/montecristo-no-5
"Montecristo - No. 5 10pcs, wooden Box",68.69,-3%,70.81,https://selected-cigars.com/en/montecristo-no-5
"Montecristo - No. 5 25pcs, wooden Box",171.72,-3%,177.03,https://selected-cigars.com/en/montecristo-no-5
Rafael González - Petit Coronas 1 piece,6.80,0,6.80,https://selected-cigars.com/en/rafael-gonzalez-petit-coronas
"Rafael González - Petit Coronas 25pcs, wooden Box",159.95,-3%,164.90,https://selected-cigars.com/en/rafael-gonzalez-petit-coronas
"Montecristo - Tubos 1 piece, Alu Tubos",15.80,0,15.80,https://selected-cigars.com/en/montecristo-tubos
Montecristo - Tubos 25pcs Box,371.66,-3%,383.15,https://selected-cigars.com/en/montecristo-tubos
Romeo y Julieta - Regalias de Londres 1 piece,4.90,0,4.90,https://selected-cigars.com/en/romeo-y-julieta-regalias-de-londres
"Romeo y Julieta - Regalias de Londres 25pcs, wooden Box",115.27,-3%,118.83,https://selected-cigars.com/en/romeo-y-julieta-regalias-de-londres
Fonseca - KDT Cadetes 1 piece,3.90,0,3.90,https://selected-cigars.com/en/fonseca-kdt-cadetes
"Fonseca - KDT Cadetes 25pcs, wooden Box",91.74,-3%,94.58,https://selected-cigars.com/en/fonseca-kdt-cadetes
